pair_name,pair_a,pair_b,sign,region_rank,size_voxels,tfce_sum,tfce_max,n_valid_mean,n_valid_min,point_type,Layer,NoiseStd,Percent,score_value,idx_layer,idx_noise,idx_percent
Phonemic_minus_Neologism,Phonemic,Neologism,negative,1,95,168080.3293210661,2174.9958454341927,39.76842105263158,29,peak,17.0,1.4,0.8,2174.9958454341927,17,3,8
Phonemic_minus_Neologism,Phonemic,Neologism,negative,1,95,168080.3293210661,2174.9958454341927,39.76842105263158,29,centroid,16.0,1.7,0.5,2118.5966483383972,16,6,5
Phonemic_minus_Neologism,Phonemic,Neologism,negative,1,95,168080.3293210661,2174.9958454341927,39.76842105263158,29,support,16.0,1.9,0.4,2040.7811055275736,16,8,4
Phonemic_minus_Neologism,Phonemic,Neologism,negative,1,95,168080.3293210661,2174.9958454341927,39.76842105263158,29,support,16.0,1.5,0.7,2037.3745917087192,16,4,7
Phonemic_minus_Neologism,Phonemic,Neologism,negative,1,95,168080.3293210661,2174.9958454341927,39.76842105263158,29,support,15.0,1.6,0.6,2019.5934892532541,15,5,6
Phonemic_minus_Neologism,Phonemic,Neologism,negative,1,95,168080.3293210661,2174.9958454341927,39.76842105263158,29,support,19.0,1.9,0.3,2012.6731781925746,19,8,3
Phonemic_minus_Neologism,Phonemic,Neologism,negative,1,95,168080.3293210661,2174.9958454341927,39.76842105263158,29,support,15.0,2.0,0.3,1985.3817136558164,15,9,3
Phonemic_minus_Neologism,Phonemic,Neologism,negative,1,95,168080.3293210661,2174.9958454341927,39.76842105263158,29,support,15.0,1.8,0.4,1982.3760269243287,15,7,4
Phonemic_minus_Neologism,Phonemic,Neologism,negative,1,95,168080.3293210661,2174.9958454341927,39.76842105263158,29,support,17.0,1.9,0.3,1926.7013307671575,17,8,3
Phonemic_minus_Neologism,Phonemic,Neologism,negative,1,95,168080.3293210661,2174.9958454341927,39.76842105263158,29,support,17.0,1.8,0.4,1909.6925167600634,17,7,4
Phonemic_minus_Neologism,Phonemic,Neologism,negative,1,95,168080.3293210661,2174.9958454341927,39.76842105263158,29,support,17.0,1.5,0.9,1897.7287628512352,17,4,9
Phonemic_minus_Neologism,Phonemic,Neologism,negative,1,95,168080.3293210661,2174.9958454341927,39.76842105263158,29,support,20.0,2.0,0.3,1891.8199253804949,20,9,3
Phonemic_minus_Neologism,Phonemic,Neologism,negative,1,95,168080.3293210661,2174.9958454341927,39.76842105263158,29,support,13.0,2.0,0.3,1823.3207201877012,13,9,3
Phonemic_minus_Neologism,Phonemic,Neologism,negative,1,95,168080.3293210661,2174.9958454341927,39.76842105263158,29,support,14.0,1.9,0.4,1818.1336501942878,14,8,4
Phonemic_minus_Neologism,Phonemic,Neologism,negative,1,95,168080.3293210661,2174.9958454341927,39.76842105263158,29,support,20.0,1.5,0.7,1814.3622678097886,20,4,7
Phonemic_minus_Neologism,Phonemic,Neologism,negative,1,95,168080.3293210661,2174.9958454341927,39.76842105263158,29,support,18.0,1.6,0.6,1804.238648896935,18,5,6
Phonemic_minus_Neologism,Phonemic,Neologism,negative,1,95,168080.3293210661,2174.9958454341927,39.76842105263158,29,support,17.0,1.3,0.9,1792.9592310201635,17,2,9
Phonemic_minus_Neologism,Phonemic,Neologism,negative,1,95,168080.3293210661,2174.9958454341927,39.76842105263158,29,support,13.0,1.7,0.5,1790.6706823965985,13,6,5
Phonemic_minus_Neologism,Phonemic,Neologism,negative,1,95,168080.3293210661,2174.9958454341927,39.76842105263158,29,support,19.0,1.4,0.7,1761.975098363921,19,3,7
Phonemic_minus_Neologism,Phonemic,Neologism,negative,1,95,168080.3293210661,2174.9958454341927,39.76842105263158,29,support,19.0,1.5,0.6,1758.8543717341815,19,4,6
Phonemic_minus_Neologism,Phonemic,Neologism,negative,1,95,168080.3293210661,2174.9958454341927,39.76842105263158,29,support,13.0,2.0,0.5,1752.446012263236,13,9,5
Phonemic_minus_Neologism,Phonemic,Neologism,negative,1,95,168080.3293210661,2174.9958454341927,39.76842105263158,29,support,11.0,1.9,0.4,1738.6420115844087,11,8,4
Phonemic_minus_Neologism,Phonemic,Neologism,negative,2,15,24814.796464870247,1970.6639694075602,40.0,40,peak,9.0,1.9,0.5,1970.6639694075602,9,8,5
Phonemic_minus_Neologism,Phonemic,Neologism,negative,2,15,24814.796464870247,1970.6639694075602,40.0,40,centroid,9.0,1.8,0.6,1613.6206659166533,9,7,6
Phonemic_minus_Neologism,Phonemic,Neologism,negative,2,15,24814.796464870247,1970.6639694075602,40.0,40,support,9.0,2.0,0.4,1655.5550793296288,9,9,4
Phonemic_minus_Neologism,Phonemic,Neologism,negative,2,15,24814.796464870247,1970.6639694075602,40.0,40,support,10.0,1.7,0.6,1647.2431690874469,10,6,6
Phonemic_minus_Neologism,Phonemic,Neologism,negative,2,15,24814.796464870247,1970.6639694075602,40.0,40,support,9.0,1.6,0.7,1625.6158916243844,9,5,7
Phonemic_minus_Neologism,Phonemic,Neologism,negative,2,15,24814.796464870247,1970.6639694075602,40.0,40,support,9.0,1.7,0.5,1604.374514835554,9,6,5
Phonemic_minus_Neologism,Phonemic,Neologism,negative,3,7,11240.0315140369,1652.8226802889624,40.0,40,peak,8.0,1.6,0.8,1652.8226802889624,8,5,8
Phonemic_minus_Neologism,Phonemic,Neologism,negative,3,7,11240.0315140369,1652.8226802889624,40.0,40,support,8.0,1.7,0.9,1613.717147147578,8,6,9
Phonemic_minus_Neologism,Phonemic,Neologism,negative,3,7,11240.0315140369,1652.8226802889624,40.0,40,support,8.0,1.5,0.9,1584.3430047978243,8,4,9
Phonemic_minus_Neologism,Phonemic,Neologism,negative,3,7,11240.0315140369,1652.8226802889624,40.0,40,support,8.0,1.8,0.8,1583.7885712011953,8,7,8
Phonemic_minus_Neologism,Phonemic,Neologism,negative,4,4,6377.766697514777,1652.0423699446233,40.0,40,peak,12.0,1.6,0.7,1652.0423699446233,12,5,7
Phonemic_minus_Neologism,Phonemic,Neologism,negative,4,4,6377.766697514777,1652.0423699446233,40.0,40,centroid,12.0,1.7,0.7,1623.1881104919532,12,6,7
Phonemic_minus_Neologism,Phonemic,Neologism,negative,5,3,4601.084262262564,1536.7153388178444,40.0,40,peak,11.0,1.6,0.8,1536.7153388178444,11,5,8
Phonemic_minus_Neologism,Phonemic,Neologism,negative,5,3,4601.084262262564,1536.7153388178444,40.0,40,centroid,11.0,1.5,0.8,1530.4125476794966,11,4,8
Phonemic_minus_Neologism,Phonemic,Neologism,positive,1,249,11481866.848932607,99952.1621603409,39.036144578313255,29,peak,30.0,1.8,0.4,99952.1621603409,30,7,4
Phonemic_minus_Neologism,Phonemic,Neologism,positive,1,249,11481866.848932607,99952.1621603409,39.036144578313255,29,centroid,29.0,1.6,0.6,75151.43687048063,29,5,6
Phonemic_minus_Neologism,Phonemic,Neologism,positive,1,249,11481866.848932607,99952.1621603409,39.036144578313255,29,support,30.0,1.7,0.5,76720.68979446942,30,6,5
Phonemic_minus_Neologism,Phonemic,Neologism,positive,1,249,11481866.848932607,99952.1621603409,39.036144578313255,29,support,30.0,1.6,0.7,76654.76939264081,30,5,7
Phonemic_minus_Neologism,Phonemic,Neologism,positive,1,249,11481866.848932607,99952.1621603409,39.036144578313255,29,support,27.0,1.4,0.8,73631.1592968318,27,3,8
Phonemic_minus_Neologism,Phonemic,Neologism,positive,1,249,11481866.848932607,99952.1621603409,39.036144578313255,29,support,27.0,1.8,0.4,73282.43720237794,27,7,4
Phonemic_minus_Neologism,Phonemic,Neologism,positive,1,249,11481866.848932607,99952.1621603409,39.036144578313255,29,support,29.0,1.4,0.9,73180.92825698754,29,3,9
Phonemic_minus_Neologism,Phonemic,Neologism,positive,1,249,11481866.848932607,99952.1621603409,39.036144578313255,29,support,31.0,1.6,0.6,72004.46426278769,31,5,6
Phonemic_minus_Neologism,Phonemic,Neologism,positive,1,249,11481866.848932607,99952.1621603409,39.036144578313255,29,support,29.0,1.5,0.7,71370.80077362702,29,4,7
Phonemic_minus_Neologism,Phonemic,Neologism,positive,1,249,11481866.848932607,99952.1621603409,39.036144578313255,29,support,29.0,1.8,0.5,69543.84295143395,29,7,5
Phonemic_minus_Neologism,Phonemic,Neologism,positive,1,249,11481866.848932607,99952.1621603409,39.036144578313255,29,support,28.0,1.4,1.0,68025.99837036146,28,3,10
Phonemic_minus_Neologism,Phonemic,Neologism,positive,1,249,11481866.848932607,99952.1621603409,39.036144578313255,29,support,31.0,1.9,0.4,67811.25601149553,31,8,4
Phonemic_minus_Neologism,Phonemic,Neologism,positive,1,249,11481866.848932607,99952.1621603409,39.036144578313255,29,support,26.0,1.4,0.9,67019.23954584028,26,3,9
Phonemic_minus_Neologism,Phonemic,Neologism,positive,1,249,11481866.848932607,99952.1621603409,39.036144578313255,29,support,26.0,2.0,0.3,66886.08852367097,26,9,3
Phonemic_minus_Neologism,Phonemic,Neologism,positive,1,249,11481866.848932607,99952.1621603409,39.036144578313255,29,support,30.0,1.5,0.6,64912.16148201538,30,4,6
Phonemic_minus_Neologism,Phonemic,Neologism,positive,1,249,11481866.848932607,99952.1621603409,39.036144578313255,29,support,32.0,1.8,0.5,64605.00353523852,32,7,5
Phonemic_minus_Neologism,Phonemic,Neologism,positive,1,249,11481866.848932607,99952.1621603409,39.036144578313255,29,support,30.0,2.0,0.3,64178.49869422253,30,9,3
Phonemic_minus_Neologism,Phonemic,Neologism,positive,1,249,11481866.848932607,99952.1621603409,39.036144578313255,29,support,31.0,1.5,0.8,63550.27712770055,31,4,8
Phonemic_minus_Neologism,Phonemic,Neologism,positive,1,249,11481866.848932607,99952.1621603409,39.036144578313255,29,support,29.0,2.0,0.4,63529.04425779301,29,9,4
Phonemic_minus_Neologism,Phonemic,Neologism,positive,1,249,11481866.848932607,99952.1621603409,39.036144578313255,29,support,29.0,1.3,1.0,63090.05102268919,29,2,10
Phonemic_minus_Neologism,Phonemic,Neologism,positive,1,249,11481866.848932607,99952.1621603409,39.036144578313255,29,support,28.0,1.7,0.6,62256.369483719005,28,6,6
Phonemic_minus_Neologism,Phonemic,Neologism,positive,1,249,11481866.848932607,99952.1621603409,39.036144578313255,29,support,28.0,2.0,0.3,60982.633822729345,28,9,3
Semantic_minus_Neologism,Semantic,Neologism,negative,1,200,2496042.05474025,16527.448250014302,39.195,29,peak,19.0,1.9,0.3,16527.448250014302,19,8,3
Semantic_minus_Neologism,Semantic,Neologism,negative,1,200,2496042.05474025,16527.448250014302,39.195,29,centroid,20.0,1.6,0.6,12712.375270858887,20,5,6
Semantic_minus_Neologism,Semantic,Neologism,negative,1,200,2496042.05474025,16527.448250014302,39.195,29,support,20.0,1.7,0.5,15305.839966382413,20,6,5
Semantic_minus_Neologism,Semantic,Neologism,negative,1,200,2496042.05474025,16527.448250014302,39.195,29,support,21.0,1.4,0.8,14988.232829226517,21,3,8
Semantic_minus_Neologism,Semantic,Neologism,negative,1,200,2496042.05474025,16527.448250014302,39.195,29,support,24.0,1.7,0.6,14954.71891315545,24,6,6
Semantic_minus_Neologism,Semantic,Neologism,negative,1,200,2496042.05474025,16527.448250014302,39.195,29,support,23.0,1.7,0.5,14924.615085131878,23,6,5
Semantic_minus_Neologism,Semantic,Neologism,negative,1,200,2496042.05474025,16527.448250014302,39.195,29,support,20.0,2.0,0.3,14880.593594423954,20,9,3
Semantic_minus_Neologism,Semantic,Neologism,negative,1,200,2496042.05474025,16527.448250014302,39.195,29,support,20.0,1.4,0.7,14814.922340457477,20,3,7
Semantic_minus_Neologism,Semantic,Neologism,negative,1,200,2496042.05474025,16527.448250014302,39.195,29,support,25.0,1.5,0.7,14617.287061531331,25,4,7
Semantic_minus_Neologism,Semantic,Neologism,negative,1,200,2496042.05474025,16527.448250014302,39.195,29,support,20.0,1.8,0.4,14583.707328987246,20,7,4
Semantic_minus_Neologism,Semantic,Neologism,negative,1,200,2496042.05474025,16527.448250014302,39.195,29,support,19.0,1.5,0.6,14449.021658495118,19,4,6
Semantic_minus_Neologism,Semantic,Neologism,negative,1,200,2496042.05474025,16527.448250014302,39.195,29,support,24.0,1.4,1.0,14403.1798457517,24,3,10
Semantic_minus_Neologism,Semantic,Neologism,negative,1,200,2496042.05474025,16527.448250014302,39.195,29,support,24.0,1.6,0.7,14394.83533383219,24,5,7
Semantic_minus_Neologism,Semantic,Neologism,negative,1,200,2496042.05474025,16527.448250014302,39.195,29,support,22.0,2.0,0.3,14382.203215310574,22,9,3
Semantic_minus_Neologism,Semantic,Neologism,negative,1,200,2496042.05474025,16527.448250014302,39.195,29,support,22.0,1.4,0.9,14377.983323203698,22,3,9
Semantic_minus_Neologism,Semantic,Neologism,negative,1,200,2496042.05474025,16527.448250014302,39.195,29,support,23.0,1.6,0.6,14306.34960465808,23,5,6
Semantic_minus_Neologism,Semantic,Neologism,negative,1,200,2496042.05474025,16527.448250014302,39.195,29,support,25.0,1.6,0.6,14244.843016382114,25,5,6
Semantic_minus_Neologism,Semantic,Neologism,negative,1,200,2496042.05474025,16527.448250014302,39.195,29,support,22.0,1.9,0.4,14212.382638693827,22,8,4
Semantic_minus_Neologism,Semantic,Neologism,negative,1,200,2496042.05474025,16527.448250014302,39.195,29,support,23.0,1.5,0.7,13994.130366160723,23,4,7
Semantic_minus_Neologism,Semantic,Neologism,negative,1,200,2496042.05474025,16527.448250014302,39.195,29,support,21.0,1.5,0.7,13941.813903488657,21,4,7
Semantic_minus_Neologism,Semantic,Neologism,negative,1,200,2496042.05474025,16527.448250014302,39.195,29,support,24.0,1.5,0.8,13847.259085518537,24,4,8
Semantic_minus_Neologism,Semantic,Neologism,negative,1,200,2496042.05474025,16527.448250014302,39.195,29,support,22.0,1.6,0.7,13807.630340773756,22,5,7
Semantic_minus_Neologism,Semantic,Neologism,negative,2,10,103284.87575814092,10677.719161399458,40.0,40,peak,33.0,2.0,0.3,10677.719161399458,33,9,3
Semantic_minus_Neologism,Semantic,Neologism,negative,2,10,103284.87575814092,10677.719161399458,40.0,40,centroid,34.0,1.9,0.4,10400.42447690936,34,8,4
Semantic_minus_Neologism,Semantic,Neologism,negative,2,10,103284.87575814092,10677.719161399458,40.0,40,support,33.0,1.8,0.5,10506.938793336081,33,7,5
Semantic_minus_Neologism,Semantic,Neologism,negative,2,10,103284.87575814092,10677.719161399458,40.0,40,support,35.0,1.8,0.5,10072.576168077994,35,7,5
Semantic_minus_Neologism,Semantic,Neologism,negative,3,3,31565.1613335038,10926.247301672054,40.0,40,peak,37.0,1.7,0.7,10926.247301672054,37,6,7
Semantic_minus_Neologism,Semantic,Neologism,positive,1,134,3702666.4236555956,34316.8335838638,39.850746268656714,30,peak,28.0,1.5,0.4,34316.8335838638,28,4,4
Semantic_minus_Neologism,Semantic,Neologism,positive,1,134,3702666.4236555956,34316.8335838638,39.850746268656714,30,centroid,27.0,1.3,0.5,23240.591004862734,27,2,5
Semantic_minus_Neologism,Semantic,Neologism,positive,1,134,3702666.4236555956,34316.8335838638,39.850746268656714,30,support,28.0,1.1,0.9,33576.60906732288,28,0,9
Semantic_minus_Neologism,Semantic,Neologism,positive,1,134,3702666.4236555956,34316.8335838638,39.850746268656714,30,support,26.0,1.1,0.9,32941.78078667634,26,0,9
Semantic_minus_Neologism,Semantic,Neologism,positive,1,134,3702666.4236555956,34316.8335838638,39.850746268656714,30,support,25.0,1.3,0.6,32848.868761276,25,2,6
Semantic_minus_Neologism,Semantic,Neologism,positive,1,134,3702666.4236555956,34316.8335838638,39.850746268656714,30,support,29.0,1.2,0.8,32489.312862446644,29,1,8
Semantic_minus_Neologism,Semantic,Neologism,positive,1,134,3702666.4236555956,34316.8335838638,39.850746268656714,30,support,29.0,1.3,0.6,32197.389895819848,29,2,6
Semantic_minus_Neologism,Semantic,Neologism,positive,1,134,3702666.4236555956,34316.8335838638,39.850746268656714,30,support,25.0,1.2,0.7,31859.537291729666,25,1,7
Semantic_minus_Neologism,Semantic,Neologism,positive,1,134,3702666.4236555956,34316.8335838638,39.850746268656714,30,support,28.0,1.2,0.7,31242.257115425837,28,1,7
Semantic_minus_Neologism,Semantic,Neologism,positive,1,134,3702666.4236555956,34316.8335838638,39.850746268656714,30,support,26.0,1.5,0.4,30979.35998468141,26,4,4
Semantic_minus_Neologism,Semantic,Neologism,positive,1,134,3702666.4236555956,34316.8335838638,39.850746268656714,30,support,24.0,1.4,0.4,30905.14666607077,24,3,4
Semantic_minus_Neologism,Semantic,Neologism,positive,1,134,3702666.4236555956,34316.8335838638,39.850746268656714,30,support,24.0,1.1,0.7,30844.272899544696,24,0,7
Semantic_minus_Neologism,Semantic,Neologism,positive,1,134,3702666.4236555956,34316.8335838638,39.850746268656714,30,support,30.0,1.5,0.4,30699.801011154213,30,4,4
Semantic_minus_Neologism,Semantic,Neologism,positive,1,134,3702666.4236555956,34316.8335838638,39.850746268656714,30,support,24.0,1.1,0.9,30439.40150481133,24,0,9
Semantic_minus_Neologism,Semantic,Neologism,positive,1,134,3702666.4236555956,34316.8335838638,39.850746268656714,30,support,29.0,1.4,0.4,30433.46352207011,29,3,4
Semantic_minus_Neologism,Semantic,Neologism,positive,1,134,3702666.4236555956,34316.8335838638,39.850746268656714,30,support,31.0,1.1,0.8,30350.903305928397,31,0,8
Semantic_minus_Neologism,Semantic,Neologism,positive,1,134,3702666.4236555956,34316.8335838638,39.850746268656714,30,support,27.0,1.4,0.4,30248.700237906825,27,3,4
Semantic_minus_Neologism,Semantic,Neologism,positive,1,134,3702666.4236555956,34316.8335838638,39.850746268656714,30,support,29.0,1.6,0.3,30199.80111242759,29,5,3
Semantic_minus_Neologism,Semantic,Neologism,positive,1,134,3702666.4236555956,34316.8335838638,39.850746268656714,30,support,23.0,1.1,0.8,30099.709960597484,23,0,8
Semantic_minus_Neologism,Semantic,Neologism,positive,1,134,3702666.4236555956,34316.8335838638,39.850746268656714,30,support,27.0,1.2,0.8,30079.77754512984,27,1,8
Semantic_minus_Neologism,Semantic,Neologism,positive,1,134,3702666.4236555956,34316.8335838638,39.850746268656714,30,support,29.0,1.2,0.5,29565.15486601017,29,1,5
Semantic_minus_Neologism,Semantic,Neologism,positive,1,134,3702666.4236555956,34316.8335838638,39.850746268656714,30,support,25.0,1.6,0.3,29394.841453216603,25,5,3
Semantic_minus_Neologism,Semantic,Neologism,positive,2,38,916244.9814508609,26222.28649903602,40.0,40,peak,36.0,1.5,0.4,26222.28649903602,36,4,4
Semantic_minus_Neologism,Semantic,Neologism,positive,2,38,916244.9814508609,26222.28649903602,40.0,40,centroid,35.0,1.3,0.5,24944.839302184497,35,2,5
Semantic_minus_Neologism,Semantic,Neologism,positive,2,38,916244.9814508609,26222.28649903602,40.0,40,support,35.0,1.5,0.3,25825.07206837019,35,4,3
Semantic_minus_Neologism,Semantic,Neologism,positive,2,38,916244.9814508609,26222.28649903602,40.0,40,support,35.0,1.7,0.3,25518.688472367598,35,6,3
Semantic_minus_Neologism,Semantic,Neologism,positive,2,38,916244.9814508609,26222.28649903602,40.0,40,support,36.0,1.2,0.6,24890.893211239196,36,1,6
Semantic_minus_Neologism,Semantic,Neologism,positive,2,38,916244.9814508609,26222.28649903602,40.0,40,support,34.0,1.5,0.4,24779.371049748945,34,4,4
Semantic_minus_Neologism,Semantic,Neologism,positive,2,38,916244.9814508609,26222.28649903602,40.0,40,support,34.0,1.2,0.6,24666.287945552525,34,1,6
Semantic_minus_Neologism,Semantic,Neologism,positive,2,38,916244.9814508609,26222.28649903602,40.0,40,support,37.0,1.3,0.6,24541.88523757415,37,2,6
Semantic_minus_Neologism,Semantic,Neologism,positive,2,38,916244.9814508609,26222.28649903602,40.0,40,support,36.0,1.3,0.4,24403.83405866911,36,2,4
Semantic_minus_Neologism,Semantic,Neologism,positive,2,38,916244.9814508609,26222.28649903602,40.0,40,support,35.0,1.4,0.4,24169.09493512431,35,3,4
Semantic_minus_Neologism,Semantic,Neologism,positive,2,38,916244.9814508609,26222.28649903602,40.0,40,support,35.0,1.2,0.4,23750.689512087447,35,1,4
Semantic_minus_Neologism,Semantic,Neologism,positive,2,38,916244.9814508609,26222.28649903602,40.0,40,support,32.0,1.6,0.3,23648.619779868346,32,5,3
Semantic_minus_Neologism,Semantic,Neologism,positive,2,38,916244.9814508609,26222.28649903602,40.0,40,support,33.0,1.5,0.3,23242.513972466877,33,4,3
Semantic_minus_Neologism,Semantic,Neologism,positive,2,38,916244.9814508609,26222.28649903602,40.0,40,support,36.0,1.1,0.7,23203.408437162154,36,0,7
Semantic_minus_Neologism,Semantic,Neologism,positive,2,38,916244.9814508609,26222.28649903602,40.0,40,support,34.0,1.1,0.7,23183.97006456211,34,0,7
Semantic_minus_Neologism,Semantic,Neologism,positive,2,38,916244.9814508609,26222.28649903602,40.0,40,support,38.0,1.4,0.6,23119.471047269588,38,3,6
Semantic_minus_Neologism,Semantic,Neologism,positive,2,38,916244.9814508609,26222.28649903602,40.0,40,support,35.0,1.1,0.8,22858.478913510102,35,0,8
Semantic_minus_Neologism,Semantic,Neologism,positive,2,38,916244.9814508609,26222.28649903602,40.0,40,support,35.0,1.1,0.5,22452.30051694035,35,0,5
Semantic_minus_Neologism,Semantic,Neologism,positive,3,4,93960.26480864329,23980.744274375145,39.0,39,peak,36.0,1.8,0.2,23980.744274375145,36,7,2
Semantic_minus_Neologism,Semantic,Neologism,positive,3,4,93960.26480864329,23980.744274375145,39.0,39,centroid,36.0,1.7,0.2,23752.037767360125,36,6,2
